SimulationSecond,ReceiveRate,PacketsReceived,NumberOfSinks,RoutingProtocol,TransmissionPower,WavePktsSent,WavePtksReceived,WavePktsPpr,ExpectedWavePktsReceived,ExpectedWavePktsInCoverageReceived,BSM_PDR1,BSM_PDR2,BSM_PDR3,BSM_PDR4,BSM_PDR5,BSM_PDR6,BSM_PDR7,BSM_PDR8,BSM_PDR9,BSM_PDR10,MacPhyOverhead
0,0,0,10,protocol,7.5,0,0,0,0,0,0,0,0,0,0,0,0,0,0,0,0
1,0,0,10,protocol,7.5,0,0,0,0,0,0,0,0,0,0,0,0,0,0,0,1
2,0,0,10,protocol,7.5,670,7556,11.2776,792,645,0.814394,0.725863,0.661113,0.609184,0.557682,0.497152,0.431549,0.431549,0.431549,0.431549,0.0556992
3,4.608,9,10,protocol,7.5,670,7036,10.5015,854,649,0.759953,0.664006,0.596898,0.554632,0.510044,0.454196,0.398031,0.398031,0.398031,0.398031,0.0633843
4,6.144,12,10,protocol,7.5,670,7584,11.3194,953,758,0.795383,0.700541,0.623754,0.582228,0.537775,0.480275,0.423782,0.423782,0.423782,0.423782,0.0588528
5,8.192,16,10,protocol,7.5,670,7173,10.706,998,763,0.764529,0.660432,0.586177,0.544431,0.503614,0.448486,0.398722,0.398722,0.398722,0.398722,0.0625811
6,8.192,16,10,protocol,7.5,670,7488,11.1761,971,801,0.824923,0.69588,0.599799,0.554502,0.516137,0.463374,0.411564,0.411564,0.411564,0.411564,0.0604704
7,9.728,19,10,protocol,7.5,670,7229,10.7896,988,739,0.747976,0.650253,0.566565,0.525224,0.490097,0.444684,0.393009,0.393009,0.393009,0.393009,0.0629261
8,10.24,20,10,protocol,7.5,670,7256,10.8299,914,713,0.780088,0.65178,0.5748,0.533492,0.493422,0.446591,0.39038,0.39038,0.39038,0.39038,0.0616584
9,9.216,18,10,protocol,7.5,670,7138,10.6537,926,724,0.781857,0.641343,0.564669,0.526219,0.48434,0.433481,0.378052,0.378052,0.378052,0.378052,0.0632957
10,10.752,21,10,protocol,7.5,670,7764,11.5881,1010,793,0.785149,0.672435,0.587444,0.554986,0.513693,0.463992,0.408825,0.408825,0.408825,0.408825,0.0621412
11,9.728,19,10,protocol,7.5,670,7168,10.6985,1049,765,0.729266,0.618219,0.54717,0.502263,0.470915,0.420134,0.376016,0.376016,0.376016,0.376016,0.0644193
12,8.704,17,10,protocol,7.5,670,7294,10.8866,1022,791,0.773973,0.651533,0.577061,0.5251,0.483775,0.422473,0.376038,0.376038,0.376038,0.376038,0.0640981
13,6.656,13,10,protocol,7.5,670,7820,11.6716,974,774,0.794661,0.656432,0.577112,0.541838,0.505535,0.448692,0.399489,0.399489,0.399489,0.399489,0.0655472
14,8.704,17,10,protocol,7.5,670,7457,11.1299,970,741,0.763918,0.609804,0.547217,0.511963,0.469578,0.421837,0.377952,0.377952,0.377952,0.377952,0.0650558
15,9.728,19,10,protocol,7.5,670,7282,10.8687,1027,764,0.743914,0.602436,0.539592,0.497995,0.455073,0.409669,0.366593,0.366593,0.366593,0.366593,0.06858
16,8.704,17,10,protocol,7.5,670,7330,10.9403,984,759,0.771341,0.627467,0.555247,0.505132,0.461418,0.409535,0.366427,0.366427,0.366427,0.366427,0.0714946
17,9.216,18,10,protocol,7.5,670,7623,11.3776,904,701,0.775442,0.62966,0.563884,0.515596,0.475167,0.423828,0.377956,0.377956,0.377956,0.377956,0.0728592
18,13.312,26,10,protocol,7.5,670,7958,11.8776,898,686,0.76392,0.629529,0.575642,0.531667,0.495418,0.442512,0.389697,0.389697,0.389697,0.389697,0.072293
19,14.336,28,10,protocol,7.5,670,7677,11.4582,863,636,0.736964,0.619267,0.545353,0.505716,0.472259,0.425877,0.375128,0.375128,0.375128,0.375128,0.0730688
20,12.8,25,10,protocol,7.5,670,7588,11.3254,882,611,0.692744,0.595238,0.525239,0.490817,0.460226,0.419024,0.366765,0.366765,0.366765,0.366765,0.0725407
21,11.264,22,10,protocol,7.5,670,7202,10.7493,868,600,0.691244,0.592728,0.521585,0.473698,0.442122,0.396828,0.345635,0.345635,0.345635,0.345635,0.0734644
22,17.408,34,10,protocol,7.5,670,7622,11.3761,763,566,0.741809,0.604121,0.531276,0.489591,0.459353,0.41678,0.363056,0.363056,0.363056,0.363056,0.0729748
23,13.312,26,10,protocol,7.5,670,7282,10.8687,752,537,0.714096,0.578099,0.504608,0.46621,0.436501,0.397084,0.346383,0.346383,0.346383,0.346383,0.0737367
24,16.384,32,10,protocol,7.5,670,7387,11.0254,668,515,0.770958,0.580134,0.510521,0.47149,0.437126,0.397996,0.351997,0.351997,0.351997,0.351997,0.0731706
25,13.824,27,10,protocol,7.5,670,7388,11.0269,774,554,0.715762,0.581089,0.508399,0.47041,0.436037,0.396143,0.35395,0.35395,0.35395,0.35395,0.0736765
26,18.944,37,10,protocol,7.5,670,7912,11.809,872,665,0.762615,0.592697,0.525038,0.486486,0.460595,0.422843,0.377607,0.377607,0.377607,0.377607,0.0737119
27,12.8,25,10,protocol,7.5,670,7586,11.3224,926,667,0.720302,0.574116,0.505534,0.474328,0.44091,0.407554,0.360175,0.360175,0.360175,0.360175,0.0740394
28,17.92,35,10,protocol,7.5,670,7632,11.391,793,579,0.730139,0.582508,0.512421,0.471914,0.440386,0.408315,0.361775,0.361775,0.361775,0.361775,0.0735589
29,13.824,27,10,protocol,7.5,670,8084,12.0657,820,632,0.770732,0.622642,0.546291,0.510413,0.472044,0.432473,0.381789,0.381789,0.381789,0.381789,0.0741389
30,14.848,29,10,protocol,7.5,670,7986,11.9194,866,634,0.732102,0.605212,0.53603,0.507781,0.466506,0.427292,0.377036,0.377036,0.377036,0.377036,0.0739661
31,10.752,21,10,protocol,7.5,670,7640,11.403,908,660,0.726872,0.579574,0.507046,0.474386,0.439525,0.406731,0.363118,0.363118,0.363118,0.363118,0.0747924
32,13.824,27,10,protocol,7.5,670,7799,11.6403,990,727,0.734343,0.575602,0.510712,0.477481,0.449283,0.414188,0.370693,0.370693,0.370693,0.370693,0.0744913
33,13.312,26,10,protocol,7.5,670,7812,11.6597,1040,737,0.708654,0.585032,0.525257,0.485562,0.450391,0.414914,0.369571,0.369571,0.369571,0.369571,0.0749151
34,12.288,24,10,protocol,7.5,670,7875,11.7537,1067,844,0.791003,0.618673,0.544261,0.492831,0.454091,0.414267,0.368801,0.368801,0.368801,0.368801,0.0743885
35,13.824,27,10,protocol,7.5,670,7542,11.2567,1078,742,0.688312,0.562739,0.511766,0.467602,0.43184,0.393119,0.353653,0.353653,0.353653,0.353653,0.0747204
36,16.896,33,10,protocol,7.5,670,7771,11.5985,1088,833,0.765625,0.597422,0.533049,0.486411,0.446721,0.405892,0.362893,0.362893,0.362893,0.362893,0.0746702
37,12.8,25,10,protocol,7.5,670,8312,12.406,1138,869,0.76362,0.625666,0.561174,0.51494,0.471885,0.433263,0.382249,0.382249,0.382249,0.382249,0.0757112
38,12.288,24,10,protocol,7.5,670,8157,12.1746,1091,794,0.727773,0.599949,0.541849,0.497201,0.459924,0.422612,0.373096,0.373096,0.373096,0.373096,0.0762357
39,11.264,22,10,protocol,7.5,670,7730,11.5373,1102,823,0.746824,0.593928,0.520073,0.475465,0.435617,0.396727,0.352662,0.352662,0.352662,0.352662,0.0765063
40,15.872,31,10,protocol,7.5,670,8194,12.2299,1048,767,0.73187,0.604436,0.5323,0.491652,0.454241,0.417519,0.372776,0.372776,0.372776,0.372776,0.0761346
41,15.872,31,10,protocol,7.5,670,7754,11.5731,1002,758,0.756487,0.592213,0.512437,0.474682,0.433231,0.394642,0.349326,0.349326,0.349326,0.349326,0.0766898
42,16.384,32,10,protocol,7.5,670,7761,11.5836,1025,726,0.708293,0.585519,0.49905,0.459752,0.424945,0.392455,0.348558,0.348558,0.348558,0.348558,0.0762905
43,13.312,26,10,protocol,7.5,670,7956,11.8746,1068,754,0.705993,0.574212,0.497254,0.46414,0.431091,0.400547,0.356037,0.356037,0.356037,0.356037,0.0764686
44,17.92,35,10,protocol,7.5,670,8806,13.1433,1110,817,0.736036,0.641795,0.560555,0.51796,0.479768,0.442371,0.394888,0.394888,0.394888,0.394888,0.0761133
45,16.384,32,10,protocol,7.5,670,7852,11.7194,1061,737,0.694628,0.5694,0.496214,0.457621,0.427435,0.395455,0.351367,0.351367,0.351367,0.351367,0.0763077
46,19.968,39,10,protocol,7.5,670,7733,11.5418,1023,753,0.73607,0.573417,0.502417,0.456785,0.424237,0.388441,0.346243,0.346243,0.346243,0.346243,0.0764336
47,17.92,35,10,protocol,7.5,670,7954,11.8716,1098,749,0.682149,0.567604,0.504575,0.467521,0.434622,0.399151,0.35713,0.35713,0.35713,0.35713,0.076696
48,18.432,36,10,protocol,7.5,670,7609,11.3567,1036,699,0.67471,0.559415,0.487849,0.451201,0.417173,0.382277,0.341088,0.341088,0.341088,0.341088,0.0763665
49,18.944,37,10,protocol,7.5,670,7739,11.5507,1068,790,0.7397,0.600492,0.518499,0.474715,0.430289,0.393118,0.348666,0.348666,0.348666,0.348666,0.0766298
50,22.528,44,10,protocol,7.5,670,8067,12.0403,1027,743,0.723466,0.594778,0.522267,0.477568,0.437953,0.410709,0.36346,0.36346,0.36346,0.36346,0.0763486
51,17.92,35,10,protocol,7.5,670,8457,12.6224,1062,786,0.740113,0.636095,0.56177,0.510651,0.464701,0.431691,0.380757,0.380757,0.380757,0.380757,0.076731
52,20.992,41,10,protocol,7.5,670,8445,12.6045,1018,708,0.695481,0.611141,0.541968,0.499707,0.468463,0.429139,0.37836,0.37836,0.37836,0.37836,0.0765515
53,15.872,31,10,protocol,7.5,670,7727,11.5328,860,620,0.72093,0.575829,0.515789,0.471517,0.435848,0.393539,0.346907,0.346907,0.346907,0.346907,0.076795
54,14.848,29,10,protocol,7.5,670,8005,11.9478,858,642,0.748252,0.590993,0.518443,0.477223,0.447074,0.405264,0.360813,0.360813,0.360813,0.360813,0.0770989
55,15.872,31,10,protocol,7.5,670,8080,12.0597,816,588,0.720588,0.599155,0.528645,0.484956,0.450235,0.411449,0.365214,0.365214,0.365214,0.365214,0.0772851
56,16.896,33,10,protocol,7.5,670,7725,11.5299,772,554,0.717617,0.57788,0.504122,0.466718,0.43455,0.396972,0.349042,0.349042,0.349042,0.349042,0.0771815
57,15.36,30,10,protocol,7.5,670,7546,11.2627,774,568,0.73385,0.567127,0.490012,0.460464,0.426849,0.387656,0.338492,0.338492,0.338492,0.338492,0.0773196
58,15.36,30,10,protocol,7.5,670,7724,11.5284,748,561,0.75,0.570887,0.503561,0.466168,0.432862,0.397154,0.346445,0.346445,0.346445,0.346445,0.0770106
59,12.8,25,10,protocol,7.5,670,7407,11.0552,796,587,0.737437,0.537153,0.47758,0.439146,0.412002,0.379652,0.333829,0.333829,0.333829,0.333829,0.0770806
60,14.848,29,10,protocol,7.5,670,7966,11.8896,840,630,0.75,0.584777,0.506804,0.473789,0.440026,0.404792,0.359055,0.359055,0.359055,0.359055,0.0767389
61,15.872,31,10,protocol,7.5,670,7409,11.0582,860,629,0.731395,0.558271,0.481377,0.450938,0.417009,0.377467,0.333709,0.333709,0.333709,0.333709,0.0770529
62,14.336,28,10,protocol,7.5,670,7395,11.0373,866,607,0.700924,0.541729,0.481887,0.442627,0.413182,0.376432,0.333634,0.333634,0.333634,0.333634,0.0767967
63,15.872,31,10,protocol,7.5,670,7276,10.8597,897,643,0.716834,0.53871,0.480823,0.43494,0.405913,0.371015,0.32877,0.32877,0.32877,0.32877,0.0769519
64,14.336,28,10,protocol,7.5,670,7947,11.8612,990,711,0.718182,0.603023,0.531229,0.478667,0.444573,0.405117,0.357313,0.357313,0.357313,0.357313,0.0766775
65,15.872,31,10,protocol,7.5,670,7330,10.9403,990,685,0.691919,0.536723,0.474266,0.439778,0.406956,0.369724,0.32751,0.32751,0.32751,0.32751,0.076794
66,18.432,36,10,protocol,7.5,670,7850,11.7164,953,672,0.705142,0.580512,0.514119,0.471049,0.433178,0.394723,0.349557,0.349557,0.349557,0.349557,0.0767408
67,19.968,39,10,protocol,7.5,670,7114,10.6179,1012,718,0.709486,0.532795,0.463261,0.42707,0.396752,0.357029,0.314779,0.314779,0.314779,0.314779,0.0769231
68,20.48,40,10,protocol,7.5,670,7667,11.4433,996,706,0.708835,0.555005,0.489337,0.453453,0.420005,0.38015,0.339503,0.339503,0.339503,0.339503,0.0767631
69,16.896,33,10,protocol,7.5,670,7719,11.5209,1074,751,0.699255,0.573751,0.505916,0.467358,0.429698,0.385412,0.340674,0.340674,0.340674,0.340674,0.0769835
70,17.408,34,10,protocol,7.5,670,8581,12.8075,1207,910,0.753935,0.620485,0.546292,0.501759,0.465065,0.429675,0.377519,0.377519,0.377519,0.377519,0.0768292
71,14.848,29,10,protocol,7.5,670,7755,11.5746,1206,852,0.706468,0.559093,0.496893,0.463156,0.426295,0.390318,0.343369,0.343369,0.343369,0.343369,0.0771293
72,14.336,28,10,protocol,7.5,670,8076,12.0537,1128,830,0.735816,0.597493,0.527488,0.486854,0.44328,0.403862,0.360971,0.360971,0.360971,0.360971,0.0769583
73,15.872,31,10,protocol,7.5,670,7830,11.6866,1017,691,0.679449,0.565486,0.505876,0.466445,0.42897,0.391904,0.350665,0.350665,0.350665,0.350665,0.0771339
74,16.896,33,10,protocol,7.5,670,8362,12.4806,964,738,0.76556,0.597878,0.534198,0.489138,0.452484,0.417932,0.370689,0.370689,0.370689,0.370689,0.0769348
75,17.408,34,10,protocol,7.5,670,8187,12.2194,984,751,0.763211,0.596852,0.525793,0.477849,0.442786,0.408086,0.361297,0.361297,0.361297,0.361297,0.0771077
76,15.872,31,10,protocol,7.5,670,8080,12.0597,1035,759,0.733333,0.570676,0.508521,0.468791,0.437997,0.402293,0.353874,0.353874,0.353874,0.353874,0.0770373
77,16.896,33,10,protocol,7.5,670,8253,12.3179,1197,859,0.717627,0.5903,0.512713,0.473348,0.443677,0.408371,0.360079,0.360079,0.360079,0.360079,0.0772235
78,15.872,31,10,protocol,7.5,670,8277,12.3537,1265,940,0.743083,0.59703,0.518046,0.472603,0.438661,0.405801,0.360277,0.360277,0.360277,0.360277,0.0770343
79,17.408,34,10,protocol,7.5,670,8055,12.0224,1362,930,0.682819,0.577525,0.498537,0.461007,0.429089,0.394837,0.351225,0.351225,0.351225,0.351225,0.0771702
80,16.384,32,10,protocol,7.5,670,8546,12.7552,1379,984,0.713561,0.597387,0.521539,0.480738,0.45282,0.417489,0.372407,0.372407,0.372407,0.372407,0.0769361
81,19.456,38,10,protocol,7.5,670,7707,11.503,1435,1021,0.711498,0.579941,0.498141,0.444281,0.411597,0.375463,0.334825,0.334825,0.334825,0.334825,0.0771962
82,18.432,36,10,protocol,7.5,670,8662,12.9284,1376,988,0.718023,0.599805,0.530746,0.487588,0.456633,0.42036,0.37651,0.37651,0.37651,0.37651,0.0769918
83,18.432,36,10,protocol,7.5,670,8076,12.0537,1343,988,0.735666,0.599085,0.518674,0.46697,0.42992,0.392922,0.35002,0.35002,0.35002,0.35002,0.0771128
84,18.432,36,10,protocol,7.5,670,8131,12.1358,1364,987,0.723607,0.59261,0.513271,0.46948,0.433607,0.397553,0.353215,0.353215,0.353215,0.353215,0.0769134
85,17.92,35,10,protocol,7.5,670,8198,12.2358,1278,895,0.700313,0.5899,0.509295,0.469904,0.435913,0.4017,0.356264,0.356264,0.356264,0.356264,0.0770511
86,19.456,38,10,protocol,7.5,670,7911,11.8075,1157,837,0.723423,0.58792,0.508508,0.461319,0.428337,0.388643,0.346336,0.346336,0.346336,0.346336,0.0770247
87,18.944,37,10,protocol,7.5,670,7808,11.6537,1078,738,0.684601,0.546996,0.479124,0.446193,0.417585,0.383287,0.340857,0.340857,0.340857,0.340857,0.0771839
88,18.944,37,10,protocol,7.5,670,8031,11.9866,974,673,0.690965,0.565007,0.498718,0.463803,0.427804,0.393389,0.352144,0.352144,0.352144,0.352144,0.0770415
89,16.384,32,10,protocol,7.5,670,7431,11.091,920,654,0.71087,0.542625,0.472531,0.437252,0.400787,0.36483,0.324711,0.324711,0.324711,0.324711,0.0772017
90,16.384,32,10,protocol,7.5,670,7721,11.5239,966,691,0.715321,0.556897,0.486058,0.454664,0.422095,0.382305,0.336149,0.336149,0.336149,0.336149,0.0770656
91,16.896,33,10,protocol,7.5,670,8240,12.2985,1122,827,0.737077,0.584127,0.514503,0.479934,0.447444,0.409033,0.358869,0.358869,0.358869,0.358869,0.0773397
92,12.288,24,10,protocol,7.5,670,7508,11.206,1168,825,0.706336,0.554161,0.473901,0.444389,0.410037,0.373051,0.325995,0.325995,0.325995,0.325995,0.0772418
93,15.872,31,10,protocol,7.5,670,7894,11.7821,1180,835,0.707627,0.567454,0.498684,0.467479,0.43567,0.392139,0.34151,0.34151,0.34151,0.34151,0.0774172
94,16.896,33,10,protocol,7.5,670,7690,11.4776,1228,854,0.69544,0.544586,0.481851,0.451388,0.422265,0.383968,0.33188,0.33188,0.33188,0.33188,0.0772896
95,14.848,29,10,protocol,7.5,670,7571,11.3,1203,838,0.696592,0.533629,0.475558,0.447683,0.419249,0.378707,0.327536,0.327536,0.327536,0.327536,0.077356
96,19.456,38,10,protocol,7.5,670,7891,11.7776,1206,872,0.723051,0.592538,0.510556,0.473282,0.439947,0.393465,0.34433,0.34433,0.34433,0.34433,0.0773054
97,13.312,26,10,protocol,7.5,670,8055,12.0224,1276,899,0.704545,0.587488,0.517638,0.473167,0.442378,0.400479,0.356574,0.356574,0.356574,0.356574,0.0774222
98,20.48,40,10,protocol,7.5,670,7630,11.3881,1257,860,0.684169,0.546115,0.47855,0.444373,0.418287,0.376938,0.338134,0.338134,0.338134,0.338134,0.0773376
99,15.872,31,10,protocol,7.5,670,7590,11.3284,1164,794,0.682131,0.553708,0.482292,0.442301,0.412374,0.374968,0.333626,0.333626,0.333626,0.333626,0.0774792
100,14.848,29,10,protocol,7.5,670,7752,11.5701,1188,812,0.683502,0.548313,0.476931,0.441633,0.41759,0.382648,0.338501,0.338501,0.338501,0.338501,0.0773523
101,20.992,41,10,protocol,7.5,670,7901,11.7925,1103,768,0.696283,0.561912,0.492797,0.456277,0.422226,0.387555,0.345248,0.345248,0.345248,0.345248,0.0776211
102,20.992,41,10,protocol,7.5,670,8207,12.2493,1074,783,0.72905,0.569106,0.503367,0.471236,0.438931,0.400361,0.358682,0.358682,0.358682,0.358682,0.07758
103,17.92,35,10,protocol,7.5,670,8449,12.6104,1018,744,0.730845,0.589003,0.520536,0.476549,0.448952,0.409542,0.370391,0.370391,0.370391,0.370391,0.0777026
104,18.944,37,10,protocol,7.5,670,8169,12.1925,992,733,0.738911,0.566439,0.501175,0.460856,0.43135,0.397394,0.35749,0.35749,0.35749,0.35749,0.0775755
105,19.456,38,10,protocol,7.5,670,8058,12.0269,1075,740,0.688372,0.538349,0.484859,0.457415,0.429146,0.393007,0.352447,0.352447,0.352447,0.352447,0.0777302
106,17.92,35,10,protocol,7.5,670,7714,11.5134,1017,704,0.692232,0.550763,0.481642,0.44736,0.414729,0.375125,0.337416,0.337416,0.337416,0.337416,0.0777952
107,13.312,26,10,protocol,7.5,670,9057,13.5179,1103,827,0.749773,0.596645,0.537242,0.509843,0.477786,0.440034,0.394263,0.394263,0.394263,0.394263,0.0779165
108,15.36,30,10,protocol,7.5,670,8359,12.4761,1151,823,0.71503,0.59763,0.519809,0.485438,0.447742,0.408107,0.364068,0.364068,0.364068,0.364068,0.0778111
109,14.848,29,10,protocol,7.5,670,7757,11.5776,1138,795,0.698594,0.548924,0.468467,0.436625,0.407786,0.377886,0.337481,0.337481,0.337481,0.337481,0.0778971
110,14.336,28,10,protocol,7.5,670,8451,12.6134,1187,877,0.738837,0.589201,0.518795,0.479975,0.446517,0.411859,0.367435,0.367435,0.367435,0.367435,0.0777827
111,19.456,38,10,protocol,7.5,670,8078,12.0567,1310,918,0.700763,0.584114,0.511834,0.465995,0.437546,0.395849,0.351233,0.351233,0.351233,0.351233,0.0779806
112,20.48,40,10,protocol,7.5,670,7921,11.8224,1316,879,0.667933,0.574318,0.494426,0.452362,0.421989,0.386922,0.343958,0.343958,0.343958,0.343958,0.0778554
113,16.384,32,10,protocol,7.5,670,8301,12.3896,1341,1029,0.767338,0.610559,0.514202,0.47227,0.44204,0.405319,0.360552,0.360552,0.360552,0.360552,0.0779587
114,17.408,34,10,protocol,7.5,670,8108,12.1015,1362,999,0.73348,0.58882,0.507093,0.465642,0.43336,0.39751,0.352982,0.352982,0.352982,0.352982,0.0778477
115,15.872,31,10,protocol,7.5,670,7746,11.5612,1358,970,0.714286,0.575684,0.482037,0.445338,0.413328,0.381296,0.336329,0.336329,0.336329,0.336329,0.0779458
116,18.432,36,10,protocol,7.5,670,8534,12.7373,1295,957,0.738996,0.609822,0.532277,0.492556,0.457955,0.422096,0.370351,0.370351,0.370351,0.370351,0.0779678
117,16.384,32,10,protocol,7.5,670,8325,12.4254,1252,910,0.726837,0.58054,0.510128,0.476141,0.44279,0.412961,0.363252,0.363252,0.363252,0.363252,0.078118
118,15.36,30,10,protocol,7.5,670,8208,12.2507,1202,891,0.741265,0.585058,0.511423,0.474651,0.439834,0.408779,0.361411,0.361411,0.361411,0.361411,0.078045
119,16.896,33,10,protocol,7.5,670,8643,12.9,1163,865,0.743766,0.628444,0.535787,0.505694,0.46566,0.431036,0.381185,0.381185,0.381185,0.381185,0.0781587
120,18.432,36,10,protocol,7.5,670,8188,12.2209,1086,823,0.757827,0.597447,0.509602,0.477627,0.439785,0.407261,0.363588,0.363588,0.363588,0.363588,0.0780434
121,17.408,34,10,protocol,7.5,670,7729,11.5358,1104,828,0.75,0.583593,0.49994,0.456399,0.419443,0.385578,0.343801,0.343801,0.343801,0.343801,0.0782098
122,16.384,32,10,protocol,7.5,670,8147,12.1597,1110,772,0.695495,0.570256,0.508622,0.474712,0.435908,0.404608,0.360519,0.360519,0.360519,0.360519,0.0781035
123,19.968,39,10,protocol,7.5,670,8278,12.3552,1081,810,0.749306,0.592602,0.517898,0.478481,0.443102,0.412402,0.365329,0.365329,0.365329,0.365329,0.0781945
124,19.968,39,10,protocol,7.5,670,8055,12.0224,999,737,0.737738,0.577883,0.502413,0.46759,0.433869,0.400716,0.354206,0.354206,0.354206,0.354206,0.0780927
125,19.456,38,10,protocol,7.5,670,7714,11.5134,1010,731,0.723762,0.568361,0.495072,0.455853,0.422668,0.386084,0.339569,0.339569,0.339569,0.339569,0.0783238
126,18.432,36,10,protocol,7.5,670,7922,11.8239,1062,797,0.750471,0.599758,0.509691,0.4649,0.428485,0.395026,0.347395,0.347395,0.347395,0.347395,0.0783346
127,15.872,31,10,protocol,7.5,670,8120,12.1194,1102,792,0.718693,0.566548,0.506046,0.469659,0.437796,0.404536,0.356954,0.356954,0.356954,0.356954,0.0784463
128,19.456,38,10,protocol,7.5,670,8338,12.4448,1219,892,0.731747,0.570968,0.510675,0.476831,0.448749,0.411663,0.366893,0.366893,0.366893,0.366893,0.0783795
129,17.92,35,10,protocol,7.5,670,8519,12.7149,1204,897,0.745017,0.613678,0.53834,0.492951,0.458656,0.419588,0.3757,0.3757,0.3757,0.3757,0.0784408
130,18.432,36,10,protocol,7.5,670,8112,12.1075,1184,832,0.702703,0.578097,0.522114,0.47449,0.439374,0.399808,0.356039,0.356039,0.356039,0.356039,0.0783062
131,18.432,36,10,protocol,7.5,670,8335,12.4403,1219,908,0.744873,0.577793,0.517183,0.477836,0.444905,0.410242,0.365586,0.365586,0.365586,0.365586,0.0784668
132,18.944,37,10,protocol,7.5,670,8435,12.5896,1240,945,0.762097,0.612974,0.542062,0.492245,0.45316,0.416429,0.370525,0.370525,0.370525,0.370525,0.0783791
133,17.408,34,10,protocol,7.5,670,7475,11.1567,1260,803,0.637302,0.522205,0.464589,0.42353,0.396091,0.367288,0.32873,0.32873,0.32873,0.32873,0.0784859
134,16.384,32,10,protocol,7.5,670,8710,13,1188,866,0.728956,0.603906,0.537383,0.490102,0.460969,0.430548,0.38431,0.38431,0.38431,0.38431,0.0783994
135,18.944,37,10,protocol,7.5,670,8108,12.1015,1266,850,0.671406,0.559168,0.5,0.461141,0.431197,0.400518,0.35819,0.35819,0.35819,0.35819,0.0784941
136,20.48,40,10,protocol,7.5,670,7115,10.6194,1308,835,0.638379,0.511648,0.452411,0.413894,0.386687,0.352801,0.313298,0.313298,0.313298,0.313298,0.0784941
137,19.968,39,10,protocol,7.5,670,8737,13.0403,1168,850,0.72774,0.577788,0.530617,0.4979,0.466602,0.430174,0.382916,0.382916,0.382916,0.382916,0.078567
138,20.48,40,10,protocol,7.5,670,8436,12.591,1192,891,0.747483,0.581655,0.515629,0.477244,0.447068,0.41376,0.368577,0.368577,0.368577,0.368577,0.0784456
139,17.92,35,10,protocol,7.5,670,7380,11.0149,1040,756,0.726923,0.550895,0.471566,0.431898,0.398994,0.362919,0.322327,0.322327,0.322327,0.322327,0.0785056
140,18.432,36,10,protocol,7.5,670,8115,12.1119,1084,776,0.715867,0.574884,0.497378,0.465716,0.432693,0.395681,0.356421,0.356421,0.356421,0.356421,0.0783787
141,18.432,36,10,protocol,7.5,670,8093,12.0791,1201,807,0.67194,0.566365,0.502427,0.467247,0.433091,0.396641,0.355393,0.355393,0.355393,0.355393,0.0785003
142,22.016,43,10,protocol,7.5,670,7123,10.6313,1206,808,0.669983,0.535789,0.465477,0.418142,0.381949,0.35137,0.312015,0.312015,0.312015,0.312015,0.0783943
143,16.896,33,10,protocol,7.5,670,8329,12.4313,1172,841,0.717577,0.575633,0.515621,0.476475,0.44278,0.40849,0.363728,0.363728,0.363728,0.363728,0.0784356
144,18.944,37,10,protocol,7.5,670,8552,12.7642,1167,872,0.747215,0.596825,0.537194,0.492888,0.457555,0.420023,0.373059,0.373059,0.373059,0.373059,0.078298
145,17.408,34,10,protocol,7.5,670,8209,12.2522,1169,835,0.714286,0.57466,0.518834,0.473299,0.434837,0.403487,0.357177,0.357177,0.357177,0.357177,0.0784019
146,18.944,37,10,protocol,7.5,670,8485,12.6642,1222,905,0.740589,0.615872,0.542883,0.49435,0.451954,0.41769,0.366935,0.366935,0.366935,0.366935,0.0783427
147,19.968,39,10,protocol,7.5,670,7999,11.9388,1248,852,0.682692,0.581259,0.519656,0.46624,0.424865,0.394203,0.345008,0.345008,0.345008,0.345008,0.0784002
148,20.48,40,10,protocol,7.5,670,8012,11.9582,1203,866,0.719867,0.582703,0.510495,0.468108,0.428045,0.392591,0.345047,0.345047,0.345047,0.345047,0.0782886
149,20.48,40,10,protocol,7.5,670,7910,11.806,1214,858,0.706755,0.571803,0.505385,0.456353,0.421504,0.388855,0.342766,0.342766,0.342766,0.342766,0.0783469
150,20.48,40,10,protocol,7.5,670,8393,12.5269,1250,909,0.7272,0.597195,0.530869,0.478804,0.440544,0.410552,0.364881,0.364881,0.364881,0.364881,0.0782215
151,19.968,39,10,protocol,7.5,670,7692,11.4806,1191,859,0.721243,0.586003,0.505378,0.452031,0.411768,0.379599,0.335573,0.335573,0.335573,0.335573,0.0783323
152,20.48,40,10,protocol,7.5,670,8256,12.3224,1148,819,0.713415,0.589813,0.518155,0.473223,0.439248,0.407644,0.361202,0.361202,0.361202,0.361202,0.0782263
153,19.456,38,10,protocol,7.5,670,7606,11.3522,1168,789,0.675514,0.560539,0.502699,0.451535,0.413785,0.377942,0.333202,0.333202,0.333202,0.333202,0.0784235
154,17.92,35,10,protocol,7.5,670,8151,12.1657,1180,831,0.704237,0.580503,0.513908,0.475729,0.437786,0.404003,0.35827,0.35827,0.35827,0.35827,0.0785702
155,15.872,31,10,protocol,7.5,670,8074,12.0507,1097,798,0.727438,0.59692,0.525155,0.477381,0.437247,0.399215,0.356484,0.356484,0.356484,0.356484,0.0786399
156,16.384,32,10,protocol,7.5,670,7929,11.8343,1072,762,0.710821,0.578152,0.521014,0.476906,0.442073,0.394907,0.350484,0.350484,0.350484,0.350484,0.0786892
157,18.944,37,10,protocol,7.5,670,7846,11.7104,1022,696,0.681018,0.570817,0.50548,0.462427,0.425789,0.389548,0.347583,0.347583,0.347583,0.347583,0.0787861
158,18.432,36,10,protocol,7.5,670,8077,12.0552,1044,691,0.661877,0.581007,0.518905,0.47878,0.443989,0.40364,0.357928,0.357928,0.357928,0.357928,0.0786828
159,17.408,34,10,protocol,7.5,670,8083,12.0642,1006,692,0.687873,0.586198,0.522594,0.483559,0.44542,0.405883,0.359788,0.359788,0.359788,0.359788,0.0787353
160,16.384,32,10,protocol,7.5,670,8831,13.1806,952,722,0.758403,0.633563,0.569696,0.522438,0.486398,0.445652,0.394823,0.394823,0.394823,0.394823,0.0786229
161,17.92,35,10,protocol,7.5,670,7829,11.6851,950,688,0.724211,0.583249,0.519334,0.473536,0.433629,0.395294,0.352372,0.352372,0.352372,0.352372,0.0787072
162,18.432,36,10,protocol,7.5,670,8069,12.0433,1010,714,0.706931,0.584475,0.522856,0.488394,0.453371,0.411054,0.36396,0.36396,0.36396,0.36396,0.0785866
163,18.432,36,10,protocol,7.5,670,8109,12.103,1018,729,0.71611,0.599648,0.535733,0.497635,0.456395,0.414888,0.367322,0.367322,0.367322,0.367322,0.0786295
164,18.944,37,10,protocol,7.5,670,7732,11.5403,985,691,0.701523,0.56184,0.509928,0.474201,0.436484,0.396843,0.352143,0.352143,0.352143,0.352143,0.0785152
165,20.992,41,10,protocol,7.5,670,7897,11.7866,1010,714,0.706931,0.567533,0.511417,0.484541,0.446296,0.407566,0.361667,0.361667,0.361667,0.361667,0.0785759
166,18.432,36,10,protocol,7.5,670,7752,11.5701,1042,792,0.760077,0.61707,0.544526,0.489536,0.445028,0.403229,0.355629,0.355629,0.355629,0.355629,0.0785391
167,17.408,34,10,protocol,7.5,670,7408,11.0567,1110,793,0.714414,0.604767,0.518812,0.463085,0.42765,0.38583,0.340707,0.340707,0.340707,0.340707,0.0785922
168,16.896,33,10,protocol,7.5,670,8153,12.1687,1184,876,0.739865,0.613697,0.536451,0.499428,0.470342,0.428177,0.376965,0.376965,0.376965,0.376965,0.078501
169,16.896,33,10,protocol,7.5,670,7942,11.8537,1220,907,0.743443,0.6242,0.546162,0.4988,0.459064,0.419283,0.370498,0.370498,0.370498,0.370498,0.0785589
170,16.384,32,10,protocol,7.5,670,8063,12.0343,1264,882,0.697785,0.596026,0.535748,0.496818,0.462112,0.424993,0.377906,0.377906,0.377906,0.377906,0.0784596
171,15.36,30,10,protocol,7.5,670,7734,11.5433,1218,882,0.724138,0.591246,0.524483,0.484412,0.44982,0.409841,0.366089,0.366089,0.366089,0.366089,0.0785265
172,14.336,28,10,protocol,7.5,670,8151,12.1657,1136,828,0.728873,0.624438,0.563617,0.523766,0.481954,0.438114,0.385627,0.385627,0.385627,0.385627,0.0784003
173,13.824,27,10,protocol,7.5,670,7725,11.5299,1044,744,0.712644,0.600449,0.541393,0.500092,0.461696,0.416551,0.366148,0.366148,0.366148,0.366148,0.0784368
174,17.92,35,10,protocol,7.5,670,7776,11.606,1002,761,0.759481,0.624905,0.547769,0.505726,0.468633,0.423141,0.369599,0.369599,0.369599,0.369599,0.0783521
175,16.896,33,10,protocol,7.5,670,7339,10.9537,988,723,0.731781,0.577989,0.518381,0.478751,0.448216,0.404219,0.350026,0.350026,0.350026,0.350026,0.0785018
176,16.384,32,10,protocol,7.5,670,7722,11.5254,992,729,0.734879,0.591117,0.536034,0.499405,0.461771,0.421257,0.370609,0.370609,0.370609,0.370609,0.0786758
177,16.384,32,10,protocol,7.5,670,7648,11.4149,1034,768,0.742747,0.613742,0.550736,0.504137,0.462493,0.416503,0.368241,0.368241,0.368241,0.368241,0.0787063
178,15.872,31,10,protocol,7.5,670,7980,11.9104,1075,772,0.71814,0.591369,0.55371,0.51705,0.477826,0.436114,0.382495,0.382495,0.382495,0.382495,0.0785923
179,18.944,37,10,protocol,7.5,670,7730,11.5373,1151,845,0.734144,0.596344,0.543001,0.504625,0.468353,0.424986,0.369927,0.369927,0.369927,0.369927,0.078629
180,17.408,34,10,protocol,7.5,670,7387,11.0254,1206,877,0.727197,0.593781,0.534485,0.491032,0.451542,0.405584,0.353716,0.353716,0.353716,0.353716,0.0785259
181,13.824,27,10,protocol,7.5,670,7758,11.5791,1180,850,0.720339,0.597292,0.542028,0.508976,0.473338,0.423385,0.372533,0.372533,0.372533,0.372533,0.078566
182,14.848,29,10,protocol,7.5,670,7737,11.5478,1202,857,0.712978,0.612036,0.5392,0.503674,0.468567,0.421335,0.371667,0.371667,0.371667,0.371667,0.0784531
183,17.92,35,10,protocol,7.5,670,7669,11.4463,1190,834,0.70084,0.579468,0.524096,0.496847,0.470052,0.418177,0.36984,0.36984,0.36984,0.36984,0.0784918
184,17.408,34,10,protocol,7.5,670,7821,11.6731,1268,878,0.692429,0.590956,0.542247,0.509201,0.471205,0.426633,0.376553,0.376553,0.376553,0.376553,0.0783988
185,17.408,34,10,protocol,7.5,670,7364,10.991,1294,918,0.709428,0.602922,0.522544,0.487868,0.450737,0.402674,0.353546,0.353546,0.353546,0.353546,0.0784493
186,16.384,32,10,protocol,7.5,670,7513,11.2134,1338,932,0.696562,0.595046,0.522587,0.489566,0.453883,0.409715,0.359577,0.359577,0.359577,0.359577,0.0784305
187,14.848,29,10,protocol,7.5,670,7805,11.6493,1238,894,0.722132,0.613198,0.544201,0.511662,0.473568,0.427126,0.373606,0.373606,0.373606,0.373606,0.0784856
188,12.8,25,10,protocol,7.5,670,8200,12.2388,1286,974,0.757387,0.643266,0.575242,0.536838,0.49883,0.450155,0.393116,0.393116,0.393116,0.393116,0.0784099
189,16.896,33,10,protocol,7.5,670,7591,11.3299,1216,827,0.680099,0.586837,0.517446,0.494843,0.45962,0.41517,0.365673,0.365673,0.365673,0.365673,0.0784593
190,17.408,34,10,protocol,7.5,670,8024,11.9761,1122,802,0.714795,0.631429,0.569699,0.531602,0.487495,0.441283,0.389685,0.389685,0.389685,0.389685,0.0783684
191,17.92,35,10,protocol,7.5,670,8262,12.3313,1092,840,0.769231,0.651683,0.595105,0.552524,0.505785,0.453517,0.402808,0.402808,0.402808,0.402808,0.0784531
192,17.408,34,10,protocol,7.5,670,8739,13.0433,1064,823,0.773496,0.661946,0.610891,0.570315,0.52673,0.481887,0.426272,0.426272,0.426272,0.426272,0.0783722
193,17.92,35,10,protocol,7.5,670,7805,11.6493,1196,897,0.75,0.617945,0.5597,0.51557,0.474448,0.430892,0.382411,0.382411,0.382411,0.382411,0.0784088
194,18.432,36,10,protocol,7.5,670,7848,11.7134,1223,901,0.736713,0.633537,0.56764,0.525402,0.476203,0.432332,0.384857,0.384857,0.384857,0.384857,0.0783145
195,17.408,34,10,protocol,7.5,670,7634,11.394,1143,830,0.726159,0.602305,0.541468,0.509772,0.465984,0.420456,0.37543,0.37543,0.37543,0.37543,0.0783612
196,16.384,32,10,protocol,7.5,670,7945,11.8582,1111,862,0.775878,0.639279,0.566056,0.527985,0.487178,0.441429,0.391283,0.391283,0.391283,0.391283,0.0783397
197,17.408,34,10,protocol,7.5,670,7739,11.5507,1097,817,0.744758,0.636561,0.564124,0.517988,0.47223,0.432624,0.379735,0.379735,0.379735,0.379735,0.0783756
198,15.36,30,10,protocol,7.5,670,8006,11.9493,1020,782,0.766667,0.645092,0.578793,0.544485,0.494468,0.446156,0.395143,0.395143,0.395143,0.395143,0.0782738
199,15.36,30,10,protocol,7.5,670,7768,11.594,976,761,0.779713,0.63118,0.562807,0.525912,0.47694,0.434712,0.383264,0.383264,0.383264,0.383264,0.0783041
200,14.336,28,10,protocol,7.5,670,8155,12.1716,1004,784,0.780876,0.629756,0.564426,0.530639,0.495479,0.454981,0.401289,0.401289,0.401289,0.401289,0.0782022
201,15.872,31,10,protocol,7.5,670,7353,10.9746,1039,780,0.750722,0.614015,0.549101,0.501424,0.458215,0.413491,0.361878,0.361878,0.361878,0.361878,0.0782607
202,14.336,28,10,protocol,7.5,670,8303,12.3925,958,722,0.753653,0.648116,0.585623,0.548944,0.510375,0.466307,0.409661,0.409661,0.409661,0.409661,0.0781585
203,16.384,32,10,protocol,7.5,670,8053,12.0194,913,701,0.767798,0.634261,0.570261,0.535931,0.496538,0.451012,0.3967,0.3967,0.3967,0.3967,0.078179
204,15.36,30,10,protocol,7.5,670,8218,12.2657,820,670,0.817073,0.664948,0.591205,0.552455,0.509155,0.461872,0.405347,0.405347,0.405347,0.405347,0.0780945
205,16.896,33,10,protocol,7.5,670,8060,12.0299,830,643,0.774699,0.647418,0.583919,0.541075,0.498252,0.45354,0.401135,0.401135,0.401135,0.401135,0.078129
206,18.432,36,10,protocol,7.5,670,7315,10.9179,827,632,0.764208,0.623184,0.553012,0.50693,0.459221,0.414783,0.365805,0.365805,0.365805,0.365805,0.0781054
207,19.456,38,10,protocol,7.5,670,7507,11.2045,842,663,0.787411,0.636578,0.55506,0.507534,0.46913,0.424673,0.375989,0.375989,0.375989,0.375989,0.0781804
208,22.016,43,10,protocol,7.5,670,8100,12.0896,880,712,0.809091,0.665655,0.601336,0.558943,0.517217,0.459898,0.407219,0.407219,0.407219,0.407219,0.0781256
209,16.896,33,10,protocol,7.5,670,8013,11.9597,892,691,0.774664,0.655552,0.588121,0.543795,0.504892,0.45565,0.405948,0.405948,0.405948,0.405948,0.0781773
210,18.944,37,10,protocol,7.5,670,7131,10.6433,882,652,0.739229,0.601689,0.524412,0.486792,0.44789,0.406797,0.364422,0.364422,0.364422,0.364422,0.0781214
211,15.872,31,10,protocol,7.5,670,7365,10.9925,810,655,0.808642,0.639329,0.555902,0.511465,0.467181,0.419688,0.376534,0.376534,0.376534,0.376534,0.0781864
212,14.848,29,10,protocol,7.5,670,7827,11.6821,791,626,0.791403,0.63541,0.569226,0.53298,0.495169,0.445471,0.396786,0.396786,0.396786,0.396786,0.0780945
213,16.384,32,10,protocol,7.5,670,8023,11.9746,800,627,0.78375,0.669874,0.589949,0.552742,0.51171,0.45674,0.407549,0.407549,0.407549,0.407549,0.0781122
214,16.384,32,10,protocol,7.5,670,8093,12.0791,904,705,0.779867,0.640084,0.575537,0.547809,0.511161,0.462093,0.414091,0.414091,0.414091,0.414091,0.0780167
215,13.824,27,10,protocol,7.5,670,7177,10.7119,938,678,0.722814,0.599282,0.533403,0.499951,0.461122,0.41031,0.367317,0.367317,0.367317,0.367317,0.0780503
216,12.288,24,10,protocol,7.5,670,7515,11.2164,952,709,0.744748,0.612046,0.560049,0.523754,0.482404,0.4298,0.383732,0.383732,0.383732,0.383732,0.078037
217,14.848,29,10,protocol,7.5,670,7378,11.0119,970,735,0.757732,0.633138,0.569563,0.519397,0.477236,0.423302,0.376333,0.376333,0.376333,0.376333,0.0780616
218,14.336,28,10,protocol,7.5,670,8706,12.994,1060,848,0.8,0.702152,0.645914,0.606439,0.555123,0.498738,0.442176,0.442176,0.442176,0.442176,0.0779641
219,11.776,23,10,protocol,7.5,670,8029,11.9836,1104,876,0.793478,0.669149,0.607165,0.563254,0.514806,0.462107,0.407006,0.407006,0.407006,0.407006,0.0780217
220,12.8,25,10,protocol,7.5,670,7400,11.0448,1142,871,0.762697,0.6397,0.567907,0.518789,0.475626,0.422998,0.374949,0.374949,0.374949,0.374949,0.077922
221,12.288,24,10,protocol,7.5,670,7761,11.5836,1108,835,0.75361,0.648986,0.587976,0.546388,0.501532,0.441997,0.392366,0.392366,0.392366,0.392366,0.0779672
222,12.288,24,10,protocol,7.5,670,8132,12.1373,1144,902,0.788462,0.657292,0.60321,0.566859,0.517002,0.45921,0.409652,0.409652,0.409652,0.409652,0.0778655
223,15.872,31,10,protocol,7.5,670,7820,11.6716,1180,886,0.750847,0.639684,0.581222,0.541039,0.497009,0.441679,0.39098,0.39098,0.39098,0.39098,0.0778766
224,15.872,31,10,protocol,7.5,670,8206,12.2478,1190,937,0.787395,0.664234,0.5945,0.563301,0.52122,0.461387,0.407792,0.407792,0.407792,0.407792,0.0777954
225,15.872,31,10,protocol,7.5,670,7467,11.1448,1102,789,0.715971,0.60592,0.541435,0.511035,0.47433,0.421866,0.366622,0.366622,0.366622,0.366622,0.0778114
226,16.896,33,10,protocol,7.5,670,7501,11.1955,1162,794,0.683305,0.612245,0.550893,0.519303,0.475043,0.422409,0.365938,0.365938,0.365938,0.365938,0.0778161
227,15.872,31,10,protocol,7.5,670,7424,11.0806,1096,792,0.722628,0.624175,0.547707,0.505356,0.464961,0.415955,0.362305,0.362305,0.362305,0.362305,0.0778513
228,16.384,32,10,protocol,7.5,670,8113,12.109,1192,945,0.792785,0.68539,0.596177,0.548589,0.501605,0.448632,0.394563,0.394563,0.394563,0.394563,0.0777873
229,18.944,37,10,protocol,7.5,670,7016,10.4716,1364,901,0.660557,0.592174,0.505725,0.472077,0.437611,0.387441,0.339741,0.339741,0.339741,0.339741,0.0778324
230,20.48,40,10,protocol,7.5,670,7969,11.894,1433,1055,0.736218,0.658135,0.570177,0.532502,0.500333,0.441571,0.386263,0.386263,0.386263,0.386263,0.0777693
231,15.872,31,10,protocol,7.5,670,7821,11.6731,1338,1009,0.754111,0.648094,0.566722,0.535973,0.498381,0.439344,0.379053,0.379053,0.379053,0.379053,0.0778303
232,16.896,33,10,protocol,7.5,670,7917,11.8164,1202,917,0.762895,0.670962,0.582923,0.539572,0.500145,0.444252,0.383501,0.383501,0.383501,0.383501,0.0777575
233,17.408,34,10,protocol,7.5,670,8102,12.0925,1186,921,0.77656,0.68,0.592793,0.554819,0.508966,0.450769,0.393645,0.393645,0.393645,0.393645,0.0778109
234,21.504,42,10,protocol,7.5,670,7990,11.9254,1134,824,0.726631,0.646552,0.572264,0.533723,0.494192,0.440408,0.39207,0.39207,0.39207,0.39207,0.0777649
235,17.408,34,10,protocol,7.5,670,7360,10.9851,1174,849,0.723169,0.622296,0.533953,0.494358,0.457739,0.402597,0.36082,0.36082,0.36082,0.36082,0.0778106
236,16.384,32,10,protocol,7.5,670,7527,11.2343,1157,885,0.764909,0.654096,0.540521,0.498371,0.466912,0.408504,0.367853,0.367853,0.367853,0.367853,0.077795
237,18.944,37,10,protocol,7.5,670,7512,11.2119,1185,825,0.696203,0.611805,0.522603,0.494597,0.46252,0.406425,0.364855,0.364855,0.364855,0.364855,0.0778595
238,18.944,37,10,protocol,7.5,670,8159,12.1776,1137,868,0.763412,0.658005,0.573632,0.536372,0.497533,0.443287,0.392278,0.392278,0.392278,0.392278,0.0778172
239,20.48,40,10,protocol,7.5,670,7414,11.0657,1204,861,0.715116,0.599295,0.517629,0.486588,0.447715,0.399402,0.353014,0.353014,0.353014,0.353014,0.0778694
240,20.48,40,10,protocol,7.5,670,7448,11.1164,1267,934,0.737174,0.591883,0.517262,0.48439,0.443079,0.401599,0.354144,0.354144,0.354144,0.354144,0.0778184
241,16.384,32,10,protocol,7.5,670,7446,11.1134,1301,925,0.710992,0.593103,0.518463,0.483005,0.446768,0.400309,0.354909,0.354909,0.354909,0.354909,0.0778793
242,16.896,33,10,protocol,7.5,670,7731,11.5388,1319,956,0.724792,0.614898,0.525907,0.490187,0.455568,0.411922,0.366034,0.366034,0.366034,0.366034,0.0778038
243,15.36,30,10,protocol,7.5,670,7499,11.1925,1320,923,0.699242,0.599728,0.518094,0.477695,0.441731,0.396668,0.353726,0.353726,0.353726,0.353726,0.0778299
244,17.408,34,10,protocol,7.5,670,7844,11.7075,1190,901,0.757143,0.634749,0.541493,0.497817,0.45614,0.414562,0.368246,0.368246,0.368246,0.368246,0.0777631
245,16.896,33,10,protocol,7.5,670,7930,11.8358,1080,803,0.743519,0.622761,0.541369,0.499187,0.460626,0.416456,0.371568,0.371568,0.371568,0.371568,0.0777991
246,18.432,36,10,protocol,7.5,670,7543,11.2582,1088,732,0.672794,0.579815,0.513217,0.479115,0.442865,0.396928,0.350674,0.350674,0.350674,0.350674,0.0778339
247,16.896,33,10,protocol,7.5,670,7051,10.5239,1142,762,0.66725,0.563351,0.477864,0.442369,0.414129,0.369766,0.326163,0.326163,0.326163,0.326163,0.077874
248,16.384,32,10,protocol,7.5,670,8408,12.5493,1090,848,0.777982,0.633256,0.544625,0.512927,0.487232,0.436934,0.386788,0.386788,0.386788,0.386788,0.0778092
249,17.92,35,10,protocol,7.5,670,7496,11.1881,1066,718,0.673546,0.567561,0.500464,0.464196,0.435272,0.389859,0.344612,0.344612,0.344612,0.344612,0.0778435
250,18.432,36,10,protocol,7.5,670,7908,11.803,1080,764,0.707407,0.578038,0.513214,0.482633,0.452881,0.408857,0.362902,0.362902,0.362902,0.362902,0.0777905
251,15.872,31,10,protocol,7.5,670,7326,10.9343,1096,750,0.684307,0.557132,0.486944,0.45036,0.419113,0.377364,0.335624,0.335624,0.335624,0.335624,0.0778701
252,16.384,32,10,protocol,7.5,670,8031,11.9866,1066,759,0.712008,0.588624,0.525749,0.479193,0.451202,0.414263,0.363789,0.363789,0.363789,0.363789,0.0778179
253,18.432,36,10,protocol,7.5,670,7820,11.6716,1084,764,0.704797,0.561752,0.504539,0.470281,0.441627,0.404146,0.353095,0.353095,0.353095,0.353095,0.077851
254,22.016,43,10,protocol,7.5,670,8153,12.1687,1098,768,0.699454,0.582473,0.517677,0.486141,0.456117,0.420291,0.367302,0.367302,0.367302,0.367302,0.0778119
255,17.92,35,10,protocol,7.5,670,7802,11.6448,987,701,0.710233,0.564839,0.506002,0.469369,0.437299,0.398863,0.350888,0.350888,0.350888,0.350888,0.0778507
256,18.432,36,10,protocol,7.5,670,8102,12.0925,1048,711,0.678435,0.568035,0.513431,0.482616,0.454361,0.412718,0.363612,0.363612,0.363612,0.363612,0.0778358
257,18.944,37,10,protocol,7.5,670,7737,11.5478,1225,814,0.66449,0.54914,0.49377,0.460892,0.430751,0.390779,0.346593,0.346593,0.346593,0.346593,0.0778825
258,21.504,42,10,protocol,7.5,670,7990,11.9254,1300,919,0.706923,0.572402,0.507554,0.471863,0.441749,0.40141,0.355791,0.355791,0.355791,0.355791,0.0778386
259,18.944,37,10,protocol,7.5,670,7669,11.4463,1336,980,0.733533,0.582739,0.503438,0.458928,0.427067,0.385956,0.340632,0.340632,0.340632,0.340632,0.0778823
260,17.408,34,10,protocol,7.5,670,8188,12.2209,1314,958,0.729072,0.578848,0.51574,0.476459,0.446566,0.408951,0.362317,0.362317,0.362317,0.362317,0.0778286
261,17.408,34,10,protocol,7.5,670,7841,11.703,1364,969,0.710411,0.572405,0.508612,0.468848,0.432053,0.390543,0.345008,0.345008,0.345008,0.345008,0.0779028
262,19.456,38,10,protocol,7.5,670,8037,11.9955,1335,925,0.692884,0.571922,0.510563,0.471633,0.437862,0.398767,0.352949,0.352949,0.352949,0.352949,0.0778582
263,18.944,37,10,protocol,7.5,670,7773,11.6015,1298,942,0.725732,0.557457,0.487199,0.451711,0.418329,0.381869,0.340399,0.340399,0.340399,0.340399,0.0779229
264,15.872,31,10,protocol,7.5,670,7954,11.8716,1230,894,0.726829,0.571464,0.499632,0.45967,0.42466,0.391078,0.348112,0.348112,0.348112,0.348112,0.0778902
265,17.408,34,10,protocol,7.5,670,7737,11.5478,1233,855,0.693431,0.573216,0.494215,0.456848,0.420747,0.381542,0.338363,0.338363,0.338363,0.338363,0.0779478
266,18.944,37,10,protocol,7.5,670,8247,12.309,1197,856,0.715121,0.58257,0.510775,0.481272,0.44096,0.406815,0.357044,0.357044,0.357044,0.357044,0.0779506
267,18.432,36,10,protocol,7.5,670,7634,11.394,1196,878,0.734114,0.562202,0.47845,0.447249,0.410907,0.376487,0.328669,0.328669,0.328669,0.328669,0.0779878
268,18.432,36,10,protocol,7.5,670,8020,11.9701,1306,930,0.712098,0.591877,0.506897,0.468645,0.430017,0.395022,0.344739,0.344739,0.344739,0.344739,0.0779226
269,16.896,33,10,protocol,7.5,670,7938,11.8478,1410,1038,0.73617,0.597047,0.509264,0.463769,0.426432,0.38957,0.34322,0.34322,0.34322,0.34322,0.0779627
270,16.384,32,10,protocol,7.5,670,8241,12.3,1407,1023,0.727079,0.592009,0.515003,0.472022,0.437951,0.405154,0.356183,0.356183,0.356183,0.356183,0.0778958
271,17.408,34,10,protocol,7.5,670,7642,11.406,1262,861,0.68225,0.560282,0.485816,0.440427,0.406853,0.373918,0.328971,0.328971,0.328971,0.328971,0.0779569
272,18.432,36,10,protocol,7.5,670,8083,12.0642,1189,836,0.703112,0.56165,0.500185,0.461228,0.427578,0.394385,0.346449,0.346449,0.346449,0.346449,0.0778966
273,17.408,34,10,protocol,7.5,670,8015,11.9627,1289,898,0.696664,0.545232,0.489016,0.451566,0.4238,0.390762,0.342888,0.342888,0.342888,0.342888,0.0779401
274,15.36,30,10,protocol,7.5,670,8026,11.9791,1243,865,0.695897,0.533523,0.485354,0.451335,0.421261,0.389856,0.343035,0.343035,0.343035,0.343035,0.0778934
275,14.336,28,10,protocol,7.5,670,7737,11.5478,1226,804,0.655791,0.53269,0.479296,0.444042,0.41021,0.375481,0.330556,0.330556,0.330556,0.330556,0.0779352
276,13.312,26,10,protocol,7.5,670,7733,11.5418,1247,879,0.704892,0.549842,0.488939,0.449956,0.413064,0.374676,0.328226,0.328226,0.328226,0.328226,0.0779378
277,17.408,34,10,protocol,7.5,670,7587,11.3239,1255,876,0.698008,0.536186,0.465084,0.433753,0.401711,0.3683,0.322535,0.322535,0.322535,0.322535,0.0779873
278,18.432,36,10,protocol,7.5,670,7885,11.7687,1226,863,0.703915,0.552973,0.483296,0.437465,0.412438,0.380737,0.334422,0.334422,0.334422,0.334422,0.077958
279,15.36,30,10,protocol,7.5,670,8076,12.0537,1192,848,0.711409,0.563361,0.494395,0.454993,0.424687,0.38931,0.341711,0.341711,0.341711,0.341711,0.0780228
280,13.824,27,10,protocol,7.5,670,8415,12.5597,1153,804,0.697311,0.560154,0.503136,0.465833,0.437084,0.403033,0.355618,0.355618,0.355618,0.355618,0.0779926
281,15.36,30,10,protocol,7.5,670,7374,11.006,1169,796,0.680924,0.541355,0.464261,0.420478,0.38823,0.353442,0.311284,0.311284,0.311284,0.311284,0.0780632
282,16.384,32,10,protocol,7.5,670,8274,12.3493,1158,818,0.70639,0.57255,0.487858,0.455126,0.426913,0.391943,0.347414,0.347414,0.347414,0.347414,0.0780007
283,15.36,30,10,protocol,7.5,670,7860,11.7313,1160,778,0.67069,0.535929,0.464684,0.427112,0.402205,0.371098,0.329532,0.329532,0.329532,0.329532,0.0780352
284,12.288,24,10,protocol,7.5,670,8315,12.4104,1096,776,0.708029,0.554514,0.48463,0.452632,0.423509,0.39037,0.347923,0.347923,0.347923,0.347923,0.0779745
285,14.336,28,10,protocol,7.5,670,7980,11.9104,1044,729,0.698276,0.541583,0.461485,0.429362,0.404624,0.371889,0.3325,0.3325,0.3325,0.3325,0.0780171
286,17.408,34,10,protocol,7.5,670,7732,11.5403,1128,744,0.659574,0.521981,0.448752,0.422215,0.399476,0.361368,0.320577,0.320577,0.320577,0.320577,0.0780252
287,15.36,30,10,protocol,7.5,670,8337,12.4433,1168,812,0.695205,0.559527,0.481401,0.446937,0.420424,0.389015,0.346264,0.346264,0.346264,0.346264,0.0780823
288,14.336,28,10,protocol,7.5,670,7877,11.7567,1171,788,0.672929,0.54084,0.464898,0.429192,0.403551,0.369861,0.326792,0.326792,0.326792,0.326792,0.0780483
289,15.36,30,10,protocol,7.5,670,8427,12.5776,1131,801,0.708223,0.554563,0.493254,0.457884,0.430386,0.394744,0.347219,0.347219,0.347219,0.347219,0.0781026
290,12.288,24,10,protocol,7.5,670,7556,11.2776,1172,742,0.633106,0.517903,0.453194,0.414013,0.387586,0.355232,0.311177,0.311177,0.311177,0.311177,0.0780488
291,17.408,34,10,protocol,7.5,670,8013,11.9597,1172,838,0.715017,0.567982,0.486368,0.44561,0.413964,0.37854,0.330651,0.330651,0.330651,0.330651,0.0781196
292,16.384,32,10,protocol,7.5,670,7457,11.1299,1048,713,0.680344,0.505122,0.435145,0.410671,0.385149,0.349817,0.308574,0.308574,0.308574,0.308574,0.0780704
293,16.896,33,10,protocol,7.5,670,6988,10.4299,1046,707,0.675908,0.491248,0.420756,0.384569,0.361538,0.327423,0.289562,0.289562,0.289562,0.289562,0.0782502
294,18.944,37,10,protocol,7.5,670,7684,11.4687,1156,792,0.685121,0.536284,0.462891,0.419497,0.393248,0.360738,0.320127,0.320127,0.320127,0.320127,0.0783286
295,16.896,33,10,protocol,7.5,670,8243,12.303,1063,732,0.688617,0.530721,0.470735,0.444625,0.422513,0.385978,0.34442,0.34442,0.34442,0.34442,0.0784049
296,16.384,32,10,protocol,7.5,670,7448,11.1164,1006,687,0.682903,0.512044,0.442428,0.40908,0.38379,0.352201,0.31327,0.31327,0.31327,0.31327,0.0783778
297,15.872,31,10,protocol,7.5,670,8015,11.9627,1186,804,0.677909,0.534605,0.475353,0.439941,0.41073,0.377115,0.337076,0.337076,0.337076,0.337076,0.0784225
298,16.384,32,10,protocol,7.5,670,8578,12.803,1261,912,0.723236,0.577035,0.50882,0.472122,0.441782,0.40523,0.361331,0.361331,0.361331,0.361331,0.0783814
299,16.384,32,10,protocol,7.5,670,7749,11.5657,1215,766,0.630453,0.504038,0.452803,0.42461,0.393763,0.364394,0.328097,0.328097,0.328097,0.328097,0.0784849
300,16.896,33,10,protocol,7.5,670,7750,11.5672,1224,881,0.719771,0.53889,0.456699,0.4263,0.398055,0.367142,0.327059,0.327059,0.327059,0.327059,0.0785591
