<?xml version="1.0" encoding="UTF-8"?>

<!-- generated on Mon Feb 10 17:45:46 2020 by Eclipse SUMO duarouter Version v1_4_0+0332-4894b5eff8
<configuration xmlns:xsi="http://www.w3.org/2001/XMLSchema-instance" xsi:noNamespaceSchemaLocation="http://sumo.dlr.de/xsd/duarouterConfiguration.xsd">

    <input>
        <net-file value="/home/aadhi/sumo/tools/2020-02-10-17-45-39/osm.net.xml"/>
        <route-files value="/home/aadhi/sumo/tools/2020-02-10-17-45-39/osm.passenger.trips.xml"/>
    </input>

    <output>
        <output-file value="/home/aadhi/sumo/tools/2020-02-10-17-45-39/osm.passenger.trips.xml.tmp"/>
        <write-trips value="true"/>
    </output>

    <time>
        <begin value="0"/>
        <end value="100.0"/>
    </time>

    <report>
        <no-warnings value="true"/>
        <ignore-errors value="true"/>
        <no-step-log value="true"/>
    </report>

</configuration>
-->

<routes xmlns:xsi="http://www.w3.org/2001/XMLSchema-instance" xsi:noNamespaceSchemaLocation="http://sumo.dlr.de/xsd/routes_file.xsd">
    <vType id="veh_passenger" vClass="passenger"/>
    <trip id="veh0" type="veh_passenger" depart="0.00" departLane="best" from="25842789#4" to="-131290322#4"/>
    <trip id="veh1" type="veh_passenger" depart="0.68" departLane="best" from="-374785130#1" to="-29976383#5"/>
    <trip id="veh2" type="veh_passenger" depart="1.36" departLane="best" from="374742896#2" to="29994511#2"/>
    <trip id="veh3" type="veh_passenger" depart="2.04" departLane="best" from="62288211#2" to="-134137177#4"/>
    <trip id="veh4" type="veh_passenger" depart="2.72" departLane="best" from="131290329#3" to="-131290323#3"/>
    <trip id="veh5" type="veh_passenger" depart="3.40" departLane="best" from="-26901876#5" to="134923594#3"/>
    <trip id="veh6" type="veh_passenger" depart="4.08" departLane="best" from="-131290322#6" to="-206235618#1"/>
    <trip id="veh7" type="veh_passenger" depart="4.75" departLane="best" from="26345650#1" to="134949281#0"/>
    <trip id="veh8" type="veh_passenger" depart="5.43" departLane="best" from="-293077290#1" to="206804310"/>
    <trip id="veh11" type="veh_passenger" depart="7.47" departLane="best" from="-62288325#3" to="-134938595#2"/>
    <trip id="veh12" type="veh_passenger" depart="8.15" departLane="best" from="-134823125" to="-134917674#0"/>
    <trip id="veh13" type="veh_passenger" depart="8.83" departLane="best" from="594392934#2" to="241418555#1"/>
    <trip id="veh15" type="veh_passenger" depart="10.19" departLane="best" from="134938585#1" to="701921084#3"/>
    <trip id="veh16" type="veh_passenger" depart="10.87" departLane="best" from="131290303#2" to="134949342#1"/>
    <trip id="veh17" type="veh_passenger" depart="11.55" departLane="best" from="581446840#1" to="25842789#2"/>
    <trip id="veh18" type="veh_passenger" depart="12.23" departLane="best" departSpeed="max" from="594660441#0" to="206235603"/>
    <trip id="veh19" type="veh_passenger" depart="12.90" departLane="best" from="30919011#3" to="-133368413#2"/>
    <trip id="veh20" type="veh_passenger" depart="13.58" departLane="best" from="-29976383#9" to="-374788801#0"/>
    <trip id="veh21" type="veh_passenger" depart="14.26" departLane="best" from="-134137175#3" to="-29980788#1"/>
    <trip id="veh22" type="veh_passenger" depart="14.94" departLane="best" from="-134917684" to="-374785134"/>
    <trip id="veh23" type="veh_passenger" depart="15.62" departLane="best" from="25842789#2" to="-742400485"/>
    <trip id="veh24" type="veh_passenger" depart="16.30" departLane="best" from="-744229308#0" to="-241418557#0"/>
    <trip id="veh25" type="veh_passenger" depart="16.98" departLane="best" from="-374742904" to="66239973"/>
    <trip id="veh26" type="veh_passenger" depart="17.66" departLane="best" from="26321627" to="241418556#2"/>
    <trip id="veh27" type="veh_passenger" depart="18.34" departLane="best" from="-134949338#0" to="374784992#1"/>
    <trip id="veh28" type="veh_passenger" depart="19.02" departLane="best" from="-134949274#2" to="131290307#1"/>
    <trip id="veh29" type="veh_passenger" depart="19.70" departLane="best" from="742397446#1" to="293066647#2"/>
    <trip id="veh30" type="veh_passenger" depart="20.38" departLane="best" from="134938597#3" to="30919011#1"/>
    <trip id="veh31" type="veh_passenger" depart="21.05" departLane="best" from="593055675" to="405629544#1"/>
    <trip id="veh32" type="veh_passenger" depart="21.73" departLane="best" from="-29980783#1" to="-131290323#6"/>
    <trip id="veh33" type="veh_passenger" depart="22.41" departLane="best" from="-581645036" to="-374784990#1"/>
    <trip id="veh34" type="veh_passenger" depart="23.09" departLane="best" from="-241418557#0" to="66252738#0"/>
    <trip id="veh35" type="veh_passenger" depart="23.77" departLane="best" from="598058532" to="-581645037"/>
    <trip id="veh36" type="veh_passenger" depart="24.45" departLane="best" from="293066647#1" to="131290321#7"/>
    <trip id="veh37" type="veh_passenger" depart="25.13" departLane="best" from="66049848#0" to="134137175#4"/>
    <trip id="veh38" type="veh_passenger" depart="25.81" departLane="best" from="-374742902#0" to="-30919012#2"/>
    <trip id="veh39" type="veh_passenger" depart="26.49" departLane="best" from="134949281#1" to="-374742902#0"/>
    <trip id="veh40" type="veh_passenger" depart="27.17" departLane="best" from="206235592#0" to="62288250#7"/>
    <trip id="veh41" type="veh_passenger" depart="27.85" departLane="best" from="131290322#1" to="-29976383#1"/>
    <trip id="veh42" type="veh_passenger" depart="28.53" departLane="best" from="758477958#3" to="134923595#4"/>
    <trip id="veh43" type="veh_passenger" depart="29.20" departLane="best" from="-134736737#2" to="-133368413#3"/>
    <trip id="veh44" type="veh_passenger" depart="29.88" departLane="best" from="-134917705#1" to="25842789#7"/>
    <trip id="veh45" type="veh_passenger" depart="30.56" departLane="best" from="405629540#0" to="134026598#0"/>
    <trip id="veh46" type="veh_passenger" depart="31.24" departLane="best" from="-134027628#1" to="131290307#3"/>
    <trip id="veh47" type="veh_passenger" depart="31.92" departLane="best" from="758477958#1" to="134938593#1"/>
    <trip id="veh48" type="veh_passenger" depart="32.60" departLane="best" from="-131290307#7" to="374742902#0"/>
    <trip id="veh49" type="veh_passenger" depart="33.28" departLane="best" from="29980788#0" to="134938595#2"/>
    <trip id="veh50" type="veh_passenger" depart="33.96" departLane="best" from="-374742904" to="293066647#3"/>
    <trip id="veh51" type="veh_passenger" depart="34.64" departLane="best" from="-134917709#0" to="134027624#3"/>
    <trip id="veh52" type="veh_passenger" depart="35.32" departLane="best" departSpeed="max" from="134096010#0" to="66292220#0"/>
    <trip id="veh53" type="veh_passenger" depart="36.00" departLane="best" from="598058532" to="-374742902#1"/>
    <trip id="veh54" type="veh_passenger" depart="36.68" departLane="best" from="134917698" to="-206235587#2"/>
    <trip id="veh55" type="veh_passenger" depart="37.35" departLane="best" from="62288325#3" to="598058538"/>
    <trip id="veh56" type="veh_passenger" depart="38.03" departLane="best" from="-459826986" to="293066647#1"/>
    <trip id="veh57" type="veh_passenger" depart="38.71" departLane="best" from="241418554#0" to="-134938593#7"/>
    <trip id="veh58" type="veh_passenger" depart="39.39" departLane="best" from="374785144" to="134938597#1"/>
    <trip id="veh59" type="veh_passenger" depart="40.07" departLane="best" from="405629529#1" to="134938593#2"/>
    <trip id="veh60" type="veh_passenger" depart="40.75" departLane="best" from="-131290303#0" to="-593055673#1"/>
    <trip id="veh61" type="veh_passenger" depart="41.43" departLane="best" from="598058534#2" to="593055667"/>
    <trip id="veh62" type="veh_passenger" depart="42.11" departLane="best" from="598058534#1" to="66252738#5"/>
    <trip id="veh63" type="veh_passenger" depart="42.79" departLane="best" from="-134137177#2" to="134917701"/>
    <trip id="veh64" type="veh_passenger" depart="43.47" departLane="best" from="-134096089" to="405629529#1"/>
    <trip id="veh65" type="veh_passenger" depart="44.15" departLane="best" from="374788801#0" to="-134923595#4"/>
    <trip id="veh66" type="veh_passenger" depart="44.83" departLane="best" from="134137175#5" to="134949300"/>
    <trip id="veh67" type="veh_passenger" depart="45.50" departLane="best" from="-374742902#1" to="62288211#0"/>
    <trip id="veh68" type="veh_passenger" depart="46.18" departLane="best" from="133368413#2" to="-26345650#0"/>
    <trip id="veh69" type="veh_passenger" depart="46.86" departLane="best" from="134938591#1" to="374785129"/>
    <trip id="veh70" type="veh_passenger" depart="47.54" departLane="best" from="-206235618#2" to="-581645034"/>
    <trip id="veh71" type="veh_passenger" depart="48.22" departLane="best" from="758477958#0" to="293066652#0-AddedOnRampEdge"/>
    <trip id="veh72" type="veh_passenger" depart="48.90" departLane="best" from="134027624#4" to="134938584#0"/>
    <trip id="veh73" type="veh_passenger" depart="49.58" departLane="best" from="-134923588#0" to="-29976383#7"/>
    <trip id="veh74" type="veh_passenger" depart="50.26" departLane="best" from="-62288325#1" to="206804309#1"/>
    <trip id="veh75" type="veh_passenger" depart="50.94" departLane="best" from="-29980783#2" to="-29976383#2"/>
    <trip id="veh76" type="veh_passenger" depart="51.62" departLane="best" from="-134096628" to="26321627"/>
    <trip id="veh77" type="veh_passenger" depart="52.30" departLane="best" departSpeed="max" from="594660441#0" to="-134096628"/>
    <trip id="veh78" type="veh_passenger" depart="52.98" departLane="best" from="-29980802#1" to="29980802#0"/>
    <trip id="veh79" type="veh_passenger" depart="53.65" departLane="best" from="-26345650#1" to="-134923598#2"/>
    <trip id="veh80" type="veh_passenger" depart="54.33" departLane="best" from="66105421#0" to="206235593"/>
    <trip id="veh81" type="veh_passenger" depart="55.01" departLane="best" from="134137175#2" to="456067756#1"/>
    <trip id="veh83" type="veh_passenger" depart="56.37" departLane="best" from="-134917672#1" to="134026607"/>
    <trip id="veh84" type="veh_passenger" depart="57.05" departLane="best" from="133368413#2" to="134137177#5"/>
    <trip id="veh86" type="veh_passenger" depart="58.41" departLane="best" from="736798033#1" to="-134917674#2"/>
    <trip id="veh87" type="veh_passenger" depart="59.09" departLane="best" from="131290322#6" to="-62288325#3"/>
    <trip id="veh88" type="veh_passenger" depart="59.77" departLane="best" departSpeed="max" from="594660441#0" to="-30919012#5"/>
    <trip id="veh89" type="veh_passenger" depart="60.45" departLane="best" from="-206235593" to="134096089"/>
    <trip id="veh90" type="veh_passenger" depart="61.13" departLane="best" from="131290329#3" to="-374785136"/>
    <trip id="veh91" type="veh_passenger" depart="61.80" departLane="best" from="-30919012#4" to="66105414#3"/>
    <trip id="veh92" type="veh_passenger" depart="62.48" departLane="best" departSpeed="max" from="134096010#0" to="598058533"/>
    <trip id="veh93" type="veh_passenger" depart="63.16" departLane="best" from="134938593#8" to="-134026598#3"/>
    <trip id="veh95" type="veh_passenger" depart="64.52" departLane="best" departSpeed="max" from="671975741" to="66105414#5"/>
    <trip id="veh96" type="veh_passenger" depart="65.20" departLane="best" from="594392934#3" to="-134949281#3"/>
    <trip id="veh97" type="veh_passenger" depart="65.88" departLane="best" from="131290322#4" to="-134027624#0"/>
    <trip id="veh98" type="veh_passenger" depart="66.56" departLane="best" from="131290304#0" to="736798033#3"/>
    <trip id="veh99" type="veh_passenger" depart="67.24" departLane="best" from="-374742902#1" to="456067756#0"/>
    <trip id="veh100" type="veh_passenger" depart="67.92" departLane="best" departSpeed="max" from="134096010#0" to="134026598#1"/>
    <trip id="veh101" type="veh_passenger" depart="68.60" departLane="best" from="66292225#0" to="758477958#0"/>
    <trip id="veh102" type="veh_passenger" depart="69.28" departLane="best" from="134938597#2" to="374742899"/>
    <trip id="veh103" type="veh_passenger" depart="69.95" departLane="best" from="-134938595#0" to="-459826986"/>
    <trip id="veh104" type="veh_passenger" depart="70.63" departLane="best" departSpeed="max" from="671975741" to="206235615"/>
    <trip id="veh105" type="veh_passenger" depart="71.31" departLane="best" from="134938591#5" to="374788801#1"/>
    <trip id="veh106" type="veh_passenger" depart="71.99" departLane="best" from="-134026607" to="206788464"/>
    <trip id="veh108" type="veh_passenger" depart="73.35" departLane="best" from="-134938595#3" to="66292225#1"/>
    <trip id="veh109" type="veh_passenger" depart="74.03" departLane="best" from="-134137175#4" to="-206235590#3"/>
    <trip id="veh111" type="veh_passenger" depart="75.39" departLane="best" from="-29980791#0" to="-134923583"/>
    <trip id="veh113" type="veh_passenger" depart="76.75" departLane="best" from="131290329#0" to="206788461"/>
    <trip id="veh114" type="veh_passenger" depart="77.43" departLane="best" from="134923595#1" to="66239973"/>
    <trip id="veh115" type="veh_passenger" depart="78.10" departLane="best" from="-206804303#0" to="374742896#0"/>
    <trip id="veh117" type="veh_passenger" depart="79.46" departLane="best" from="29976383#4" to="-501940843"/>
    <trip id="veh118" type="veh_passenger" depart="80.14" departLane="best" from="-581645037" to="377997465"/>
    <trip id="veh119" type="veh_passenger" depart="80.82" departLane="best" from="-134097189" to="134137175#3"/>
    <trip id="veh120" type="veh_passenger" depart="81.50" departLane="best" from="-134097190#0" to="-26345650#1"/>
    <trip id="veh121" type="veh_passenger" depart="82.18" departLane="best" from="-374742902#1" to="66105421#8"/>
    <trip id="veh122" type="veh_passenger" depart="82.86" departLane="best" from="598058534#5" to="62288211#4"/>
    <trip id="veh123" type="veh_passenger" depart="83.54" departLane="best" from="-744229307" to="-134938597#0"/>
    <trip id="veh124" type="veh_passenger" depart="84.22" departLane="best" from="581645039" to="30919046#2"/>
    <trip id="veh125" type="veh_passenger" depart="84.90" departLane="best" from="241418554#2" to="736798033#5"/>
    <trip id="veh126" type="veh_passenger" depart="85.58" departLane="best" from="553610276#1" to="-501940843"/>
    <trip id="veh127" type="veh_passenger" depart="86.25" departLane="best" from="-134938582#1" to="-134917715#4"/>
    <trip id="veh128" type="veh_passenger" depart="86.93" departLane="best" from="-134917704#0" to="134949342#2"/>
    <trip id="veh129" type="veh_passenger" depart="87.61" departLane="best" from="-374784992#0" to="241418555#1"/>
    <trip id="veh131" type="veh_passenger" depart="88.97" departLane="best" from="25842789#1" to="-374742902#1"/>
    <trip id="veh132" type="veh_passenger" depart="89.65" departLane="best" from="134823127#0" to="62288325#3"/>
    <trip id="veh133" type="veh_passenger" depart="90.33" departLane="best" from="594392934#1" to="-134823125"/>
    <trip id="veh134" type="veh_passenger" depart="91.01" departLane="best" from="133368413#2" to="-374785132"/>
    <trip id="veh135" type="veh_passenger" depart="91.69" departLane="best" from="-131290304#1" to="405629536#6"/>
    <trip id="veh136" type="veh_passenger" depart="92.37" departLane="best" from="25842789#3" to="-374742901#0"/>
    <trip id="veh137" type="veh_passenger" depart="93.05" departLane="best" from="374742903" to="134949342#0"/>
    <trip id="veh138" type="veh_passenger" depart="93.73" departLane="best" from="134026598#3" to="-131290307#5"/>
    <trip id="veh139" type="veh_passenger" depart="94.40" departLane="best" from="-134097190#2" to="62288211#4"/>
    <trip id="veh140" type="veh_passenger" depart="95.08" departLane="best" from="62288250#6" to="134949281#1"/>
    <trip id="veh141" type="veh_passenger" depart="95.76" departLane="best" from="581645040" to="206235619"/>
    <trip id="veh142" type="veh_passenger" depart="96.44" departLane="best" from="-134938592#1" to="-134923595#2"/>
    <trip id="veh143" type="veh_passenger" depart="97.12" departLane="best" from="-553610280#0" to="62288250#7"/>
    <trip id="veh144" type="veh_passenger" depart="97.80" departLane="best" from="-30919012#4" to="-134917687#2"/>
    <trip id="veh145" type="veh_passenger" depart="98.48" departLane="best" from="405629529#1" to="62288211#4"/>
    <trip id="veh146" type="veh_passenger" depart="99.16" departLane="best" from="131290323#2" to="25842789#3"/>
    <trip id="veh147" type="veh_passenger" depart="99.84" departLane="best" from="-134938593#8" to="66105421#4"/>
</routes>
